{
  "S01_JMT_T04_AddTableToCart" : {
    "transaction" : "S01_JMT_T04_AddTableToCart",
    "sampleCount" : 3819,
    "errorCount" : 38,
    "errorPct" : 0.99502486,
    "meanResTime" : 6704.2977219167315,
    "medianResTime" : 2691.0,
    "minResTime" : 4.0,
    "maxResTime" : 64208.0,
    "pct1ResTime" : 10396.0,
    "pct2ResTime" : 47921.0,
    "pct3ResTime" : 60965.80000000004,
    "throughput" : 2.153530543875013,
    "receivedKBytesPerSec" : 1.5192454170512928,
    "sentKBytesPerSec" : 1.563815470796513
  },
  "S01_JMT_T05_STEP02_SelectAChair" : {
    "transaction" : "S01_JMT_T05_STEP02_SelectAChair",
    "sampleCount" : 3775,
    "errorCount" : 41,
    "errorPct" : 1.0860927,
    "meanResTime" : 6893.165562913907,
    "medianResTime" : 2471.0,
    "minResTime" : 4.0,
    "maxResTime" : 63771.0,
    "pct1ResTime" : 28934.400000000005,
    "pct2ResTime" : 43444.39999999999,
    "pct3ResTime" : 60643.359999999986,
    "throughput" : 2.128494536957995,
    "receivedKBytesPerSec" : 20.039776616084144,
    "sentKBytesPerSec" : 1.1597756846915852
  },
  "S01_JMT_T05_STEP03_AddChairToCart" : {
    "transaction" : "S01_JMT_T05_STEP03_AddChairToCart",
    "sampleCount" : 3759,
    "errorCount" : 25,
    "errorPct" : 0.6650705,
    "meanResTime" : 6421.052939611593,
    "medianResTime" : 2382.0,
    "minResTime" : 7.0,
    "maxResTime" : 64076.0,
    "pct1ResTime" : 11813.0,
    "pct2ResTime" : 41308.0,
    "pct3ResTime" : 57295.000000000044,
    "throughput" : 2.1194874437707143,
    "receivedKBytesPerSec" : 1.4950308478739156,
    "sentKBytesPerSec" : 1.569807278668901
  },
  "S01_JMT_T01_LaunchApplication" : {
    "transaction" : "S01_JMT_T01_LaunchApplication",
    "sampleCount" : 3948,
    "errorCount" : 84,
    "errorPct" : 2.1276596,
    "meanResTime" : 27260.544326241183,
    "medianResTime" : 29690.5,
    "minResTime" : 55.0,
    "maxResTime" : 67762.0,
    "pct1ResTime" : 57351.899999999994,
    "pct2ResTime" : 61676.55,
    "pct3ResTime" : 64198.2,
    "throughput" : 2.2262283305035573,
    "receivedKBytesPerSec" : 23.620880219414314,
    "sentKBytesPerSec" : 0.7456995286745314
  },
  "S01_JMT_T06_STEP03_SelectACountry" : {
    "transaction" : "S01_JMT_T06_STEP03_SelectACountry",
    "sampleCount" : 3709,
    "errorCount" : 0,
    "errorPct" : 0.0,
    "meanResTime" : 2994.1809112968454,
    "medianResTime" : 890.0,
    "minResTime" : 19.0,
    "maxResTime" : 61344.0,
    "pct1ResTime" : 2688.0,
    "pct2ResTime" : 15557.0,
    "pct3ResTime" : 51189.500000000015,
    "throughput" : 2.092301582511089,
    "receivedKBytesPerSec" : 2.103815252562632,
    "sentKBytesPerSec" : 1.3201381268443027
  },
  "Total" : {
    "transaction" : "Total",
    "sampleCount" : 41673,
    "errorCount" : 393,
    "errorPct" : 0.94305664,
    "meanResTime" : 12417.049504475426,
    "medianResTime" : 3926.5,
    "minResTime" : 4.0,
    "maxResTime" : 161006.0,
    "pct1ResTime" : 58761.600000000006,
    "pct2ResTime" : 70448.00000000003,
    "pct3ResTime" : 115291.37000000026,
    "throughput" : 23.488676984331864,
    "receivedKBytesPerSec" : 170.51667203653645,
    "sentKBytesPerSec" : 22.157754489730152
  },
  "S01_JMT_T06_STEP04_EnterDetailsAndPlaceOrder" : {
    "transaction" : "S01_JMT_T06_STEP04_EnterDetailsAndPlaceOrder",
    "sampleCount" : 3674,
    "errorCount" : 49,
    "errorPct" : 1.3336962,
    "meanResTime" : 55905.57702776257,
    "medianResTime" : 55279.0,
    "minResTime" : 7.0,
    "maxResTime" : 161006.0,
    "pct1ResTime" : 100941.0,
    "pct2ResTime" : 122990.5,
    "pct3ResTime" : 140567.75,
    "throughput" : 2.07628687118714,
    "receivedKBytesPerSec" : 17.023816556395715,
    "sentKBytesPerSec" : 9.508909823121437
  },
  "S01_JMT_T03_SelectATable" : {
    "transaction" : "S01_JMT_T03_SelectATable",
    "sampleCount" : 3843,
    "errorCount" : 26,
    "errorPct" : 0.6765548,
    "meanResTime" : 5299.698933125161,
    "medianResTime" : 3207.0,
    "minResTime" : 45.0,
    "maxResTime" : 65812.0,
    "pct1ResTime" : 7078.6,
    "pct2ResTime" : 10654.19999999995,
    "pct3ResTime" : 60383.72,
    "throughput" : 2.167094672093708,
    "receivedKBytesPerSec" : 20.277514305439954,
    "sentKBytesPerSec" : 1.1913036894110103
  },
  "S01_JMT_T05_STEP01_NavigateToChairs" : {
    "transaction" : "S01_JMT_T05_STEP01_NavigateToChairs",
    "sampleCount" : 3797,
    "errorCount" : 58,
    "errorPct" : 1.5275217,
    "meanResTime" : 7655.923360547798,
    "medianResTime" : 4001.0,
    "minResTime" : 4.0,
    "maxResTime" : 66532.0,
    "pct1ResTime" : 12234.400000000001,
    "pct2ResTime" : 43900.899999999914,
    "pct3ResTime" : 61033.34,
    "throughput" : 2.140918322584574,
    "receivedKBytesPerSec" : 19.291535060321515,
    "sentKBytesPerSec" : 1.1769993792069862
  },
  "S01_JMT_T06_STEP01_OpenCart" : {
    "transaction" : "S01_JMT_T06_STEP01_OpenCart",
    "sampleCount" : 3743,
    "errorCount" : 23,
    "errorPct" : 0.6144804,
    "meanResTime" : 6727.981832754497,
    "medianResTime" : 2347.0,
    "minResTime" : 9.0,
    "maxResTime" : 67182.0,
    "pct1ResTime" : 10662.199999999993,
    "pct2ResTime" : 44644.99999999988,
    "pct3ResTime" : 60657.399999999994,
    "throughput" : 2.1104492894501217,
    "receivedKBytesPerSec" : 17.804294909492565,
    "sentKBytesPerSec" : 1.145820463415026
  },
  "S01_JMT_T02_NavigateToTables" : {
    "transaction" : "S01_JMT_T02_NavigateToTables",
    "sampleCount" : 3883,
    "errorCount" : 26,
    "errorPct" : 0.66958535,
    "meanResTime" : 6006.899304661343,
    "medianResTime" : 2977.0,
    "minResTime" : 5.0,
    "maxResTime" : 65490.0,
    "pct1ResTime" : 6879.199999999997,
    "pct2ResTime" : 35653.799999999865,
    "pct3ResTime" : 53020.919999999955,
    "throughput" : 2.1896447790533946,
    "receivedKBytesPerSec" : 21.169417297488874,
    "sentKBytesPerSec" : 1.1387871881532492
  },
  "S01_JMT_T06_STEP02_PlaceAnOrder" : {
    "transaction" : "S01_JMT_T06_STEP02_PlaceAnOrder",
    "sampleCount" : 3723,
    "errorCount" : 23,
    "errorPct" : 0.61778134,
    "meanResTime" : 5270.616975557357,
    "medianResTime" : 1618.0,
    "minResTime" : 33.0,
    "maxResTime" : 62623.0,
    "pct1ResTime" : 11809.999999999998,
    "pct2ResTime" : 35340.19999999998,
    "pct3ResTime" : 57112.399999999994,
    "throughput" : 2.0991819787228767,
    "receivedKBytesPerSec" : 26.27816496314873,
    "sentKBytesPerSec" : 1.6673256270763464
  }
}