{
  "S01_JMT_T04_AddTableToCart" : {
    "transaction" : "S01_JMT_T04_AddTableToCart",
    "sampleCount" : 26263,
    "errorCount" : 0,
    "errorPct" : 0.0,
    "meanResTime" : 1120.3399459315344,
    "medianResTime" : 976.0,
    "minResTime" : 23.0,
    "maxResTime" : 15696.0,
    "pct1ResTime" : 1564.0,
    "pct2ResTime" : 2015.9500000000007,
    "pct3ResTime" : 3795.980000000003,
    "throughput" : 1.8250290331314032,
    "receivedKBytesPerSec" : 1.286845527710345,
    "sentKBytesPerSec" : 1.3242154019693677
  },
  "S01_JMT_T05_STEP02_SelectAChair" : {
    "transaction" : "S01_JMT_T05_STEP02_SelectAChair",
    "sampleCount" : 26262,
    "errorCount" : 0,
    "errorPct" : 0.0,
    "meanResTime" : 1724.9274236539495,
    "medianResTime" : 1625.0,
    "minResTime" : 44.0,
    "maxResTime" : 14696.0,
    "pct1ResTime" : 2405.9000000000015,
    "pct2ResTime" : 2700.0,
    "pct3ResTime" : 3387.9900000000016,
    "throughput" : 1.824044253805666,
    "receivedKBytesPerSec" : 17.309279817978624,
    "sentKBytesPerSec" : 0.9939616148667594
  },
  "S01_JMT_T05_STEP03_AddChairToCart" : {
    "transaction" : "S01_JMT_T05_STEP03_AddChairToCart",
    "sampleCount" : 26262,
    "errorCount" : 0,
    "errorPct" : 0.0,
    "meanResTime" : 1177.5166019343606,
    "medianResTime" : 903.0,
    "minResTime" : 22.0,
    "maxResTime" : 17366.0,
    "pct1ResTime" : 1899.0,
    "pct2ResTime" : 2668.0,
    "pct3ResTime" : 6297.950000000008,
    "throughput" : 1.8223824538336024,
    "receivedKBytesPerSec" : 1.2849614433866503,
    "sentKBytesPerSec" : 1.348990136724483
  },
  "S01_JMT_T01_LaunchApplication" : {
    "transaction" : "S01_JMT_T01_LaunchApplication",
    "sampleCount" : 26263,
    "errorCount" : 0,
    "errorPct" : 0.0,
    "meanResTime" : 2278.5300232265845,
    "medianResTime" : 2284.0,
    "minResTime" : 56.0,
    "maxResTime" : 16500.0,
    "pct1ResTime" : 3200.0,
    "pct2ResTime" : 3609.0,
    "pct3ResTime" : 4563.850000000024,
    "throughput" : 1.8279983247814917,
    "receivedKBytesPerSec" : 19.709937499112556,
    "sentKBytesPerSec" : 0.612308032617238
  },
  "S01_JMT_T06_STEP03_SelectACountry" : {
    "transaction" : "S01_JMT_T06_STEP03_SelectACountry",
    "sampleCount" : 26253,
    "errorCount" : 0,
    "errorPct" : 0.0,
    "meanResTime" : 579.4260846379427,
    "medianResTime" : 521.0,
    "minResTime" : 16.0,
    "maxResTime" : 8783.0,
    "pct1ResTime" : 990.0,
    "pct2ResTime" : 1184.0,
    "pct3ResTime" : 1986.9600000000064,
    "throughput" : 1.8239561666920716,
    "receivedKBytesPerSec" : 1.8435682396554596,
    "sentKBytesPerSec" : 1.1506598473467562
  },
  "Total" : {
    "transaction" : "Total",
    "sampleCount" : 288852,
    "errorCount" : 0,
    "errorPct" : 0.0,
    "meanResTime" : 6075.149744505955,
    "medianResTime" : 2116.0,
    "minResTime" : 16.0,
    "maxResTime" : 125363.0,
    "pct1ResTime" : 9483.200000000114,
    "pct2ResTime" : 76923.0,
    "pct3ResTime" : 90724.80000000003,
    "throughput" : 19.978348696647423,
    "receivedKBytesPerSec" : 145.73781827423278,
    "sentKBytesPerSec" : 19.090356534584885
  },
  "S01_JMT_T06_STEP04_EnterDetailsAndPlaceOrder" : {
    "transaction" : "S01_JMT_T06_STEP04_EnterDetailsAndPlaceOrder",
    "sampleCount" : 26253,
    "errorCount" : 0,
    "errorPct" : 0.0,
    "meanResTime" : 51596.03847179363,
    "medianResTime" : 53022.5,
    "minResTime" : 290.0,
    "maxResTime" : 125363.0,
    "pct1ResTime" : 73375.0,
    "pct2ResTime" : 79524.55,
    "pct3ResTime" : 94795.05000000015,
    "throughput" : 1.8164764439268328,
    "receivedKBytesPerSec" : 15.01913743588052,
    "sentKBytesPerSec" : 8.31518268101489
  },
  "S01_JMT_T03_SelectATable" : {
    "transaction" : "S01_JMT_T03_SelectATable",
    "sampleCount" : 26263,
    "errorCount" : 0,
    "errorPct" : 0.0,
    "meanResTime" : 1864.7200624452805,
    "medianResTime" : 1754.5,
    "minResTime" : 44.0,
    "maxResTime" : 16692.0,
    "pct1ResTime" : 2585.0,
    "pct2ResTime" : 3033.9000000000015,
    "pct3ResTime" : 4080.950000000008,
    "throughput" : 1.826974273770248,
    "receivedKBytesPerSec" : 17.18246910939665,
    "sentKBytesPerSec" : 1.0044790196607907
  },
  "S01_JMT_T05_STEP01_NavigateToChairs" : {
    "transaction" : "S01_JMT_T05_STEP01_NavigateToChairs",
    "sampleCount" : 26263,
    "errorCount" : 0,
    "errorPct" : 0.0,
    "meanResTime" : 2123.6269276167945,
    "medianResTime" : 1909.0,
    "minResTime" : 50.0,
    "maxResTime" : 22188.0,
    "pct1ResTime" : 2928.0,
    "pct2ResTime" : 3502.0,
    "pct3ResTime" : 5433.970000000005,
    "throughput" : 1.8237382627620535,
    "receivedKBytesPerSec" : 16.614723399617247,
    "sentKBytesPerSec" : 1.0026998456396836
  },
  "S01_JMT_T06_STEP01_OpenCart" : {
    "transaction" : "S01_JMT_T06_STEP01_OpenCart",
    "sampleCount" : 26254,
    "errorCount" : 0,
    "errorPct" : 0.0,
    "meanResTime" : 1372.386836291625,
    "medianResTime" : 1100.0,
    "minResTime" : 35.0,
    "maxResTime" : 24698.0,
    "pct1ResTime" : 2101.0,
    "pct2ResTime" : 2805.9000000000015,
    "pct3ResTime" : 6802.990000000002,
    "throughput" : 1.8234261715204085,
    "receivedKBytesPerSec" : 15.452189274531069,
    "sentKBytesPerSec" : 0.9900634290677218
  },
  "S01_JMT_T02_NavigateToTables" : {
    "transaction" : "S01_JMT_T02_NavigateToTables",
    "sampleCount" : 26263,
    "errorCount" : 0,
    "errorPct" : 0.0,
    "meanResTime" : 1936.1713056391159,
    "medianResTime" : 1885.0,
    "minResTime" : 46.0,
    "maxResTime" : 19390.0,
    "pct1ResTime" : 2683.0,
    "pct2ResTime" : 2982.9500000000007,
    "pct3ResTime" : 3582.0,
    "throughput" : 1.827805202163412,
    "receivedKBytesPerSec" : 17.749560441226734,
    "sentKBytesPerSec" : 0.956741785507411
  },
  "S01_JMT_T06_STEP02_PlaceAnOrder" : {
    "transaction" : "S01_JMT_T06_STEP02_PlaceAnOrder",
    "sampleCount" : 26253,
    "errorCount" : 0,
    "errorPct" : 0.0,
    "meanResTime" : 1064.332000152359,
    "medianResTime" : 998.0,
    "minResTime" : 36.0,
    "maxResTime" : 11013.0,
    "pct1ResTime" : 1604.9000000000015,
    "pct2ResTime" : 1847.0,
    "pct3ResTime" : 2822.0,
    "throughput" : 1.8239187846544047,
    "receivedKBytesPerSec" : 22.947889877121348,
    "sentKBytesPerSec" : 1.4443262282098743
  }
}