{
  "S01_JMT_T04_AddTableToCart" : {
    "transaction" : "S01_JMT_T04_AddTableToCart",
    "sampleCount" : 2408,
    "errorCount" : 0,
    "errorPct" : 0.0,
    "meanResTime" : 2173.142026578076,
    "medianResTime" : 1530.0,
    "minResTime" : 25.0,
    "maxResTime" : 17000.0,
    "pct1ResTime" : 4498.1,
    "pct2ResTime" : 5822.749999999993,
    "pct3ResTime" : 8403.379999999983,
    "throughput" : 1.3519355472587935,
    "receivedKBytesPerSec" : 0.9532229221640512,
    "sentKBytesPerSec" : 0.9809454214973472
  },
  "S01_JMT_T05_STEP02_SelectAChair" : {
    "transaction" : "S01_JMT_T05_STEP02_SelectAChair",
    "sampleCount" : 2408,
    "errorCount" : 0,
    "errorPct" : 0.0,
    "meanResTime" : 2139.3301495016553,
    "medianResTime" : 2039.0,
    "minResTime" : 45.0,
    "maxResTime" : 12295.0,
    "pct1ResTime" : 3142.299999999997,
    "pct2ResTime" : 3794.649999999999,
    "pct3ResTime" : 6413.559999999998,
    "throughput" : 1.3382855828072542,
    "receivedKBytesPerSec" : 12.69863027366773,
    "sentKBytesPerSec" : 0.7292610890687966
  },
  "S01_JMT_T05_STEP03_AddChairToCart" : {
    "transaction" : "S01_JMT_T05_STEP03_AddChairToCart",
    "sampleCount" : 2408,
    "errorCount" : 0,
    "errorPct" : 0.0,
    "meanResTime" : 2515.4435215946855,
    "medianResTime" : 1673.5,
    "minResTime" : 25.0,
    "maxResTime" : 18693.0,
    "pct1ResTime" : 5179.2,
    "pct2ResTime" : 7695.199999999999,
    "pct3ResTime" : 12388.449999999986,
    "throughput" : 1.3304124665394081,
    "receivedKBytesPerSec" : 0.9380485042183137,
    "sentKBytesPerSec" : 0.9848170406610073
  },
  "S01_JMT_T01_LaunchApplication" : {
    "transaction" : "S01_JMT_T01_LaunchApplication",
    "sampleCount" : 2408,
    "errorCount" : 0,
    "errorPct" : 0.0,
    "meanResTime" : 2785.4069767441874,
    "medianResTime" : 2580.0,
    "minResTime" : 60.0,
    "maxResTime" : 16600.0,
    "pct1ResTime" : 4306.1,
    "pct2ResTime" : 5089.949999999997,
    "pct3ResTime" : 6494.8399999999965,
    "throughput" : 1.358362248360291,
    "receivedKBytesPerSec" : 14.646240579640756,
    "sentKBytesPerSec" : 0.4549982921753709
  },
  "S01_JMT_T06_STEP03_SelectACountry" : {
    "transaction" : "S01_JMT_T06_STEP03_SelectACountry",
    "sampleCount" : 2405,
    "errorCount" : 0,
    "errorPct" : 0.0,
    "meanResTime" : 906.3804573804579,
    "medianResTime" : 769.0,
    "minResTime" : 20.0,
    "maxResTime" : 5675.0,
    "pct1ResTime" : 1664.4,
    "pct2ResTime" : 2170.7999999999993,
    "pct3ResTime" : 3454.88,
    "throughput" : 1.3426573114250366,
    "receivedKBytesPerSec" : 1.3570803880126103,
    "sentKBytesPerSec" : 0.8470279523247791
  },
  "Total" : {
    "transaction" : "Total",
    "sampleCount" : 26478,
    "errorCount" : 0,
    "errorPct" : 0.0,
    "meanResTime" : 8072.573910416202,
    "medianResTime" : 2094.0,
    "minResTime" : 20.0,
    "maxResTime" : 126517.0,
    "pct1ResTime" : 9404.700000000004,
    "pct2ResTime" : 64014.700000000004,
    "pct3ResTime" : 78829.84000000003,
    "throughput" : 14.258235722378505,
    "receivedKBytesPerSec" : 104.00278403757986,
    "sentKBytesPerSec" : 13.613741872447541
  },
  "S01_JMT_T06_STEP04_EnterDetailsAndPlaceOrder" : {
    "transaction" : "S01_JMT_T06_STEP04_EnterDetailsAndPlaceOrder",
    "sampleCount" : 2405,
    "errorCount" : 0,
    "errorPct" : 0.0,
    "meanResTime" : 65760.50145530146,
    "medianResTime" : 64725.0,
    "minResTime" : 430.0,
    "maxResTime" : 126517.0,
    "pct1ResTime" : 83061.6,
    "pct2ResTime" : 91767.89999999998,
    "pct3ResTime" : 107794.52000000003,
    "throughput" : 1.2983682669078052,
    "receivedKBytesPerSec" : 10.734309415194417,
    "sentKBytesPerSec" : 5.936199902487414
  },
  "S01_JMT_T03_SelectATable" : {
    "transaction" : "S01_JMT_T03_SelectATable",
    "sampleCount" : 2408,
    "errorCount" : 0,
    "errorPct" : 0.0,
    "meanResTime" : 2781.542774086378,
    "medianResTime" : 2410.5,
    "minResTime" : 49.0,
    "maxResTime" : 12400.0,
    "pct1ResTime" : 4687.999999999999,
    "pct2ResTime" : 5699.099999999999,
    "pct3ResTime" : 9872.689999999977,
    "throughput" : 1.3550143126200338,
    "receivedKBytesPerSec" : 12.74272496620905,
    "sentKBytesPerSec" : 0.7449932207080849
  },
  "S01_JMT_T05_STEP01_NavigateToChairs" : {
    "transaction" : "S01_JMT_T05_STEP01_NavigateToChairs",
    "sampleCount" : 2408,
    "errorCount" : 0,
    "errorPct" : 0.0,
    "meanResTime" : 3439.165697674417,
    "medianResTime" : 2876.0,
    "minResTime" : 51.0,
    "maxResTime" : 18480.0,
    "pct1ResTime" : 6202.0,
    "pct2ResTime" : 7973.549999999999,
    "pct3ResTime" : 12482.599999999991,
    "throughput" : 1.3397173908447453,
    "receivedKBytesPerSec" : 12.20399462708232,
    "sentKBytesPerSec" : 0.7365829014117105
  },
  "S01_JMT_T06_STEP01_OpenCart" : {
    "transaction" : "S01_JMT_T06_STEP01_OpenCart",
    "sampleCount" : 2407,
    "errorCount" : 0,
    "errorPct" : 0.0,
    "meanResTime" : 2567.495222268384,
    "medianResTime" : 1901.0,
    "minResTime" : 35.0,
    "maxResTime" : 22204.0,
    "pct1ResTime" : 4898.800000000001,
    "pct2ResTime" : 7013.5999999999985,
    "pct3ResTime" : 11953.040000000005,
    "throughput" : 1.334011700729134,
    "receivedKBytesPerSec" : 11.303667693050668,
    "sentKBytesPerSec" : 0.724326665630272
  },
  "S01_JMT_T02_NavigateToTables" : {
    "transaction" : "S01_JMT_T02_NavigateToTables",
    "sampleCount" : 2408,
    "errorCount" : 0,
    "errorPct" : 0.0,
    "meanResTime" : 2333.8484219269135,
    "medianResTime" : 2201.5,
    "minResTime" : 50.0,
    "maxResTime" : 9170.0,
    "pct1ResTime" : 3580.2999999999997,
    "pct2ResTime" : 4398.199999999999,
    "pct3ResTime" : 5718.639999999999,
    "throughput" : 1.3562285132401246,
    "receivedKBytesPerSec" : 13.168930836041943,
    "sentKBytesPerSec" : 0.7099008623991278
  },
  "S01_JMT_T06_STEP02_PlaceAnOrder" : {
    "transaction" : "S01_JMT_T06_STEP02_PlaceAnOrder",
    "sampleCount" : 2405,
    "errorCount" : 0,
    "errorPct" : 0.0,
    "meanResTime" : 1448.4598752598765,
    "medianResTime" : 1284.0,
    "minResTime" : 35.0,
    "maxResTime" : 9390.0,
    "pct1ResTime" : 2398.8,
    "pct2ResTime" : 3099.7,
    "pct3ResTime" : 6093.72000000001,
    "throughput" : 1.3423740317324941,
    "receivedKBytesPerSec" : 16.88784172803167,
    "sentKBytesPerSec" : 1.063009660837061
  }
}